<?xml version="1.0" encoding="ISO-8859-1"?>
<EBIInterProScanResults   >
	<Header>
		<program name="InterProScan" version="4.8" citation="PMID:11590104"/>
		<parameters>
			<sequences total="0"/>
			<databases total="16">
				<database number="1" name="PRODOM" type="sequences"/>
				<database number="2" name="COIL" type="matrix"/>
				<database number="3" name="PRINTS" type="matrix"/>
				<database number="4" name="GENE3D" type="model"/>
				<database number="5" name="HAMAP" type="strings"/>
				<database number="6" name="PANTHER" type="model"/>
				<database number="7" name="PFAM" type="model"/>
				<database number="8" name="PIR" type="model"/>
				<database number="9" name="SMART" type="model"/>
				<database number="10" name="TIGRFAMs" type="model"/>
				<database number="11" name="PROSITE" type="strings"/>
				<database number="12" name="PROFILE" type="strings"/>
				<database number="13" name="SEG" type="NA"/>
				<database number="14" name="SIGNALP" type="model"/>
				<database number="15" name="SUPERFAMILY" type="model"/>
				<database number="16" name="TMHMM" type="model"/>
			</databases>
		</parameters>
	</Header>
<interpro_matches>

   <protein id="Sequence_1" length="85" crc64="F3B91952AA52571B">
	<interpro id="IPR000077" name="Ribosomal protein L39e" type="Family">
	  <contains>
	    <rel_ref ipr_ref="IPR020083"/>
	  </contains>
	  <classification id="GO:0003735" class_type="GO">
	    <category>Molecular Function</category>
	    <description>structural constituent of ribosome</description>
	  </classification>
	  <classification id="GO:0005622" class_type="GO">
	    <category>Cellular Component</category>
	    <description>intracellular</description>
	  </classification>
	  <classification id="GO:0005840" class_type="GO">
	    <category>Cellular Component</category>
	    <description>ribosome</description>
	  </classification>
	  <classification id="GO:0006412" class_type="GO">
	    <category>Biological Process</category>
	    <description>translation</description>
	  </classification>
	  <match id="PTHR19970" name="FAMILY NOT NAMED" dbname="PANTHER">
	    <location start="35" end="85" score="4.1e-38" status="T" evidence="HMMPanther"/>
	  </match>
	  <match id="PF00832" name="Ribosomal_L39" dbname="PFAM">
	    <location start="43" end="84" score="1.4e-22" status="T" evidence="HMMPfam"/>
	  </match>
	</interpro>
	<interpro id="IPR020083" name="Ribosomal protein L39e, conserved site" type="Conserved_site">
	  <found_in>
	    <rel_ref ipr_ref="IPR000077"/>
	 </found_in>
	  <classification id="GO:0003735" class_type="GO">
	    <category>Molecular Function</category>
	    <description>structural constituent of ribosome</description>
	  </classification>
	  <classification id="GO:0005622" class_type="GO">
	    <category>Cellular Component</category>
	    <description>intracellular</description>
	  </classification>
	  <classification id="GO:0005840" class_type="GO">
	    <category>Cellular Component</category>
	    <description>ribosome</description>
	  </classification>
	  <classification id="GO:0006412" class_type="GO">
	    <category>Biological Process</category>
	    <description>translation</description>
	  </classification>
	  <match id="PS00051" name="RIBOSOMAL_L39E" dbname="PROSITE">
	    <location start="64" end="80" score="NA" status="T" evidence="PatternScan"/>
	  </match>
	</interpro>
	<interpro id="IPR023626" name="Ribosomal protein L39e domain" type="Domain">
	  <match id="G3DSA:1.10.1620.10" name="no description" dbname="GENE3D">
	    <location start="37" end="84" score="3.2e-25" status="T" evidence="Gene3D"/>
	  </match>
	  <match id="SSF48662" name="Ribosomal protein L39e" dbname="SUPERFAMILY">
	    <location start="37" end="85" score="3.3e-18" status="T" evidence="superfamily"/>
	  </match>
	</interpro>
	<interpro id="noIPR" name="unintegrated" type="unintegrated">
	  <match id="PD007914" name="RL39_MAIZE_P51425;" dbname="PRODOM">
	    <location start="35" end="71" score="1e-14" status="T" evidence="BlastProDom"/>
	  </match>
	</interpro>
   </protein>

</interpro_matches>
</EBIInterProScanResults>
