<?xml version="1.0" encoding="ISO-8859-1"?>
<EBIInterProScanResults   >
	<Header>
		<program name="InterProScan" version="4.8" citation="PMID:11590104"/>
		<parameters>
			<sequences total="0"/>
			<databases total="16">
				<database number="1" name="PRODOM" type="sequences"/>
				<database number="2" name="COIL" type="matrix"/>
				<database number="3" name="PRINTS" type="matrix"/>
				<database number="4" name="GENE3D" type="model"/>
				<database number="5" name="HAMAP" type="strings"/>
				<database number="6" name="PANTHER" type="model"/>
				<database number="7" name="PFAM" type="model"/>
				<database number="8" name="PIR" type="model"/>
				<database number="9" name="SMART" type="model"/>
				<database number="10" name="TIGRFAMs" type="model"/>
				<database number="11" name="PROSITE" type="strings"/>
				<database number="12" name="PROFILE" type="strings"/>
				<database number="13" name="SEG" type="NA"/>
				<database number="14" name="SIGNALP" type="model"/>
				<database number="15" name="SUPERFAMILY" type="model"/>
				<database number="16" name="TMHMM" type="model"/>
			</databases>
		</parameters>
	</Header>
<interpro_matches>

   <protein id="Sequence_1" length="122" crc64="52FD128044B8FDDD">
	<interpro id="IPR000582" name="Acyl-CoA-binding protein, ACBP" type="Domain" parent_id="IPR014352">
	  <found_in>
	    <rel_ref ipr_ref="IPR016347"/>
	 </found_in>
	  <contains>
	    <rel_ref ipr_ref="IPR022408"/>
	  </contains>
	  <classification id="GO:0000062" class_type="GO">
	    <category>Molecular Function</category>
	    <description>fatty-acyl-CoA binding</description>
	  </classification>
	  <match id="PR00689" name="ACOABINDINGP" dbname="PRINTS">
	    <location start="37" end="52" score="1.5e-26" status="T" evidence="FPrintScan"/>
	    <location start="54" end="72" score="1.5e-26" status="T" evidence="FPrintScan"/>
	    <location start="77" end="92" score="1.5e-26" status="T" evidence="FPrintScan"/>
	    <location start="98" end="115" score="1.5e-26" status="T" evidence="FPrintScan"/>
	  </match>
	  <match id="PF00887" name="ACBP" dbname="PFAM">
	    <location start="36" end="117" score="2.2e-29" status="T" evidence="HMMPfam"/>
	  </match>
	  <match id="PS51228" name="ACB_2" dbname="PROFILE">
	    <location start="36" end="121" score="39.304" status="T" evidence="ProfileScan"/>
	  </match>
	  <match id="SSF47027" name="Acyl-CoA binding protein" dbname="SUPERFAMILY">
	    <location start="36" end="121" score="1.3e-28" status="T" evidence="superfamily"/>
	  </match>
	</interpro>
	<interpro id="IPR014352" name="FERM/acyl-CoA-binding protein, 3-helical bundle" type="Domain">
	  <child_list>
	    <rel_ref ipr_ref="IPR000582"/>
	  </child_list>
	  <found_in>
	    <rel_ref ipr_ref="IPR000299"/>
	    <rel_ref ipr_ref="IPR000798"/>
	    <rel_ref ipr_ref="IPR015788"/>
	    <rel_ref ipr_ref="IPR019749"/>
	    <rel_ref ipr_ref="IPR019750"/>
	    <rel_ref ipr_ref="IPR021187"/>
	 </found_in>
	  <contains>
	    <rel_ref ipr_ref="IPR019747"/>
	    <rel_ref ipr_ref="IPR022408"/>
	  </contains>
	  <classification id="GO:0005488" class_type="GO">
	    <category>Molecular Function</category>
	    <description>binding</description>
	  </classification>
	  <match id="G3DSA:1.20.80.10" name="no description" dbname="GENE3D">
	    <location start="35" end="118" score="1.6e-30" status="T" evidence="Gene3D"/>
	  </match>
	</interpro>
	<interpro id="IPR022408" name="Acyl-CoA-binding protein, ACBP, conserved site" type="Conserved_site">
	  <found_in>
	    <rel_ref ipr_ref="IPR000582"/>
	    <rel_ref ipr_ref="IPR014352"/>
	    <rel_ref ipr_ref="IPR016347"/>
	 </found_in>
	  <match id="PS00880" name="ACB_1" dbname="PROSITE">
	    <location start="54" end="72" score="NA" status="T" evidence="PatternScan"/>
	  </match>
	</interpro>
	<interpro id="noIPR" name="unintegrated" type="unintegrated">
	  <match id="PTHR23310" name="FAMILY NOT NAMED" dbname="PANTHER">
	    <location start="28" end="117" score="3.8e-59" status="T" evidence="HMMPanther"/>
	  </match>
	  <match id="PTHR23310:SF10" name="ACYL COA BINDING PROTEIN" dbname="PANTHER">
	    <location start="28" end="117" score="3.8e-59" status="T" evidence="HMMPanther"/>
	  </match>
	  <match id="seg" name="seg" dbname="SEG">
	    <location start="1" end="12" score="NA" status="?" evidence="Seg"/>
	    <location start="37" end="48" score="NA" status="?" evidence="Seg"/>
	  </match>
	  <match id="SignalP-NN(euk)" name="signal-peptide" dbname="SIGNALP">
	    <location start="1" end="19" score="NA" status="?" evidence="SignalPHMM"/>
	  </match>
	</interpro>
   </protein>

</interpro_matches>
</EBIInterProScanResults>
