<?xml version="1.0" encoding="ISO-8859-1"?>
<EBIInterProScanResults   >
	<Header>
		<program name="InterProScan" version="4.8" citation="PMID:11590104"/>
		<parameters>
			<sequences total="0"/>
			<databases total="16">
				<database number="1" name="PRODOM" type="sequences"/>
				<database number="2" name="COIL" type="matrix"/>
				<database number="3" name="PRINTS" type="matrix"/>
				<database number="4" name="GENE3D" type="model"/>
				<database number="5" name="HAMAP" type="strings"/>
				<database number="6" name="PANTHER" type="model"/>
				<database number="7" name="PFAM" type="model"/>
				<database number="8" name="PIR" type="model"/>
				<database number="9" name="SMART" type="model"/>
				<database number="10" name="TIGRFAMs" type="model"/>
				<database number="11" name="PROSITE" type="strings"/>
				<database number="12" name="PROFILE" type="strings"/>
				<database number="13" name="SEG" type="NA"/>
				<database number="14" name="SIGNALP" type="model"/>
				<database number="15" name="SUPERFAMILY" type="model"/>
				<database number="16" name="TMHMM" type="model"/>
			</databases>
		</parameters>
	</Header>
<interpro_matches>

   <protein id="Sequence_1" length="147" crc64="72754F89F9EEDB67">
	<interpro id="IPR001041" name="Ferredoxin" type="Domain" parent_id="IPR012675">
	  <found_in>
	    <rel_ref ipr_ref="IPR000951"/>
	    <rel_ref ipr_ref="IPR001055"/>
	    <rel_ref ipr_ref="IPR001221"/>
	    <rel_ref ipr_ref="IPR004489"/>
	    <rel_ref ipr_ref="IPR010205"/>
	    <rel_ref ipr_ref="IPR010228"/>
	    <rel_ref ipr_ref="IPR011884"/>
	    <rel_ref ipr_ref="IPR012175"/>
	    <rel_ref ipr_ref="IPR014307"/>
	    <rel_ref ipr_ref="IPR014313"/>
	    <rel_ref ipr_ref="IPR016208"/>
	    <rel_ref ipr_ref="IPR016214"/>
	    <rel_ref ipr_ref="IPR017606"/>
	    <rel_ref ipr_ref="IPR017611"/>
	    <rel_ref ipr_ref="IPR017697"/>
	 </found_in>
	  <contains>
	    <rel_ref ipr_ref="IPR000283"/>
	    <rel_ref ipr_ref="IPR006058"/>
	    <rel_ref ipr_ref="IPR018298"/>
	    <rel_ref ipr_ref="IPR019574"/>
	  </contains>
	  <classification id="GO:0009055" class_type="GO">
	    <category>Molecular Function</category>
	    <description>electron carrier activity</description>
	  </classification>
	  <classification id="GO:0051536" class_type="GO">
	    <category>Molecular Function</category>
	    <description>iron-sulfur cluster binding</description>
	  </classification>
	  <match id="PF00111" name="Fer2" dbname="PFAM">
	    <location start="59" end="132" score="1.3e-18" status="T" evidence="HMMPfam"/>
	  </match>
	  <match id="PS51085" name="2FE2S_FER_2" dbname="PROFILE">
	    <location start="53" end="143" score="12.800" status="T" evidence="ProfileScan"/>
	  </match>
	  <match id="SSF54292" name="2Fe-2S ferredoxin-like" dbname="SUPERFAMILY">
	    <location start="50" end="146" score="4.6e-30" status="T" evidence="superfamily"/>
	  </match>
	</interpro>
	<interpro id="IPR006058" name="2Fe-2S ferredoxin, iron-sulphur binding site" type="Binding_site">
	  <found_in>
	    <rel_ref ipr_ref="IPR000951"/>
	    <rel_ref ipr_ref="IPR001041"/>
	    <rel_ref ipr_ref="IPR004489"/>
	    <rel_ref ipr_ref="IPR011884"/>
	    <rel_ref ipr_ref="IPR012175"/>
	    <rel_ref ipr_ref="IPR012675"/>
	    <rel_ref ipr_ref="IPR014307"/>
	    <rel_ref ipr_ref="IPR014313"/>
	    <rel_ref ipr_ref="IPR016208"/>
	    <rel_ref ipr_ref="IPR017611"/>
	    <rel_ref ipr_ref="IPR017697"/>
	 </found_in>
	  <match id="PS00197" name="2FE2S_FER_1" dbname="PROSITE">
	    <location start="89" end="97" score="NA" status="T" evidence="PatternScan"/>
	  </match>
	</interpro>
	<interpro id="IPR010241" name="Ferredoxin [2Fe-2S], plant" type="Family">
	  <classification id="GO:0009055" class_type="GO">
	    <category>Molecular Function</category>
	    <description>electron carrier activity</description>
	  </classification>
	  <classification id="GO:0022900" class_type="GO">
	    <category>Biological Process</category>
	    <description>electron transport chain</description>
	  </classification>
	  <match id="TIGR02008" name="fdx_plant: ferredoxin [2Fe-2S]" dbname="TIGRFAMs">
	    <location start="52" end="145" score="2.4e-49" status="T" evidence="HMMTigr"/>
	  </match>
	</interpro>
	<interpro id="IPR012675" name="Beta-grasp fold, ferredoxin-type" type="Domain">
	  <child_list>
	    <rel_ref ipr_ref="IPR001041"/>
	    <rel_ref ipr_ref="IPR012676"/>
	    <rel_ref ipr_ref="IPR016155"/>
	  </child_list>
	  <found_in>
	    <rel_ref ipr_ref="IPR000951"/>
	    <rel_ref ipr_ref="IPR001221"/>
	 </found_in>
	  <contains>
	    <rel_ref ipr_ref="IPR006058"/>
	    <rel_ref ipr_ref="IPR018298"/>
	  </contains>
	  <match id="G3DSA:3.10.20.30" name="no description" dbname="GENE3D">
	    <location start="49" end="146" score="1.1e-33" status="T" evidence="Gene3D"/>
	  </match>
	</interpro>
	<interpro id="noIPR" name="unintegrated" type="unintegrated">
	  <match id="seg" name="seg" dbname="SEG">
	    <location start="88" end="99" score="NA" status="?" evidence="Seg"/>
	  </match>
	</interpro>
   </protein>

</interpro_matches>
</EBIInterProScanResults>
