<?xml version="1.0" encoding="ISO-8859-1"?>
<EBIInterProScanResults   >
	<Header>
		<program name="InterProScan" version="4.8" citation="PMID:11590104"/>
		<parameters>
			<sequences total="0"/>
			<databases total="16">
				<database number="1" name="PRODOM" type="sequences"/>
				<database number="2" name="COIL" type="matrix"/>
				<database number="3" name="PRINTS" type="matrix"/>
				<database number="4" name="GENE3D" type="model"/>
				<database number="5" name="HAMAP" type="strings"/>
				<database number="6" name="PANTHER" type="model"/>
				<database number="7" name="PFAM" type="model"/>
				<database number="8" name="PIR" type="model"/>
				<database number="9" name="SMART" type="model"/>
				<database number="10" name="TIGRFAMs" type="model"/>
				<database number="11" name="PROSITE" type="strings"/>
				<database number="12" name="PROFILE" type="strings"/>
				<database number="13" name="SEG" type="NA"/>
				<database number="14" name="SIGNALP" type="model"/>
				<database number="15" name="SUPERFAMILY" type="model"/>
				<database number="16" name="TMHMM" type="model"/>
			</databases>
		</parameters>
	</Header>
<interpro_matches>

   <protein id="Sequence_1" length="62" crc64="BBDA828EE74CA8CE">
	<interpro id="IPR001464" name="Annexin" type="Family">
	  <child_list>
	    <rel_ref ipr_ref="IPR002388"/>
	    <rel_ref ipr_ref="IPR002389"/>
	    <rel_ref ipr_ref="IPR002390"/>
	    <rel_ref ipr_ref="IPR002391"/>
	    <rel_ref ipr_ref="IPR002392"/>
	    <rel_ref ipr_ref="IPR002393"/>
	    <rel_ref ipr_ref="IPR008088"/>
	    <rel_ref ipr_ref="IPR008156"/>
	    <rel_ref ipr_ref="IPR008157"/>
	    <rel_ref ipr_ref="IPR009115"/>
	    <rel_ref ipr_ref="IPR009116"/>
	    <rel_ref ipr_ref="IPR009117"/>
	    <rel_ref ipr_ref="IPR009118"/>
	    <rel_ref ipr_ref="IPR009166"/>
	    <rel_ref ipr_ref="IPR013286"/>
	    <rel_ref ipr_ref="IPR015473"/>
	  </child_list>
	  <contains>
	    <rel_ref ipr_ref="IPR018252"/>
	    <rel_ref ipr_ref="IPR018502"/>
	  </contains>
	  <classification id="GO:0005509" class_type="GO">
	    <category>Molecular Function</category>
	    <description>calcium ion binding</description>
	  </classification>
	  <classification id="GO:0005544" class_type="GO">
	    <category>Molecular Function</category>
	    <description>calcium-dependent phospholipid binding</description>
	  </classification>
	  <match id="PR00196" name="ANNEXIN" dbname="PRINTS">
	    <location start="1" end="21" score="4.3e-13" status="T" evidence="FPrintScan"/>
	    <location start="45" end="58" score="4.3e-13" status="T" evidence="FPrintScan"/>
	  </match>
	  <match id="PTHR10502" name="FAMILY NOT NAMED" dbname="PANTHER">
	    <location start="1" end="62" score="8.2e-40" status="T" evidence="HMMPanther"/>
	  </match>
	  <match id="SSF47874" name="Annexin" dbname="SUPERFAMILY">
	    <location start="1" end="61" score="3e-24" status="T" evidence="superfamily"/>
	  </match>
	</interpro>
	<interpro id="IPR018252" name="Annexin repeat, conserved site" type="Conserved_site">
	  <found_in>
	    <rel_ref ipr_ref="IPR001464"/>
	    <rel_ref ipr_ref="IPR002388"/>
	    <rel_ref ipr_ref="IPR002389"/>
	    <rel_ref ipr_ref="IPR002390"/>
	    <rel_ref ipr_ref="IPR002391"/>
	    <rel_ref ipr_ref="IPR002392"/>
	    <rel_ref ipr_ref="IPR002393"/>
	    <rel_ref ipr_ref="IPR008156"/>
	    <rel_ref ipr_ref="IPR008157"/>
	    <rel_ref ipr_ref="IPR009115"/>
	    <rel_ref ipr_ref="IPR009116"/>
	    <rel_ref ipr_ref="IPR009117"/>
	    <rel_ref ipr_ref="IPR009166"/>
	    <rel_ref ipr_ref="IPR013286"/>
	    <rel_ref ipr_ref="IPR015473"/>
	    <rel_ref ipr_ref="IPR018502"/>
	 </found_in>
	  <classification id="GO:0005509" class_type="GO">
	    <category>Molecular Function</category>
	    <description>calcium ion binding</description>
	  </classification>
	  <classification id="GO:0005544" class_type="GO">
	    <category>Molecular Function</category>
	    <description>calcium-dependent phospholipid binding</description>
	  </classification>
	  <match id="PS00223" name="ANNEXIN" dbname="PROSITE">
	    <location start="5" end="57" score="NA" status="T" evidence="PatternScan"/>
	  </match>
	</interpro>
	<interpro id="IPR018502" name="Annexin repeat" type="Repeat">
	  <found_in>
	    <rel_ref ipr_ref="IPR001464"/>
	    <rel_ref ipr_ref="IPR002388"/>
	    <rel_ref ipr_ref="IPR002389"/>
	    <rel_ref ipr_ref="IPR002390"/>
	    <rel_ref ipr_ref="IPR002391"/>
	    <rel_ref ipr_ref="IPR002392"/>
	    <rel_ref ipr_ref="IPR002393"/>
	    <rel_ref ipr_ref="IPR008088"/>
	    <rel_ref ipr_ref="IPR008156"/>
	    <rel_ref ipr_ref="IPR008157"/>
	    <rel_ref ipr_ref="IPR009115"/>
	    <rel_ref ipr_ref="IPR009116"/>
	    <rel_ref ipr_ref="IPR009117"/>
	    <rel_ref ipr_ref="IPR009118"/>
	    <rel_ref ipr_ref="IPR009166"/>
	    <rel_ref ipr_ref="IPR013286"/>
	    <rel_ref ipr_ref="IPR015473"/>
	 </found_in>
	  <contains>
	    <rel_ref ipr_ref="IPR018252"/>
	  </contains>
	  <classification id="GO:0005509" class_type="GO">
	    <category>Molecular Function</category>
	    <description>calcium ion binding</description>
	  </classification>
	  <classification id="GO:0005544" class_type="GO">
	    <category>Molecular Function</category>
	    <description>calcium-dependent phospholipid binding</description>
	  </classification>
	  <match id="G3DSA:1.10.220.10" name="no description" dbname="GENE3D">
	    <location start="1" end="60" score="4.3e-24" status="T" evidence="Gene3D"/>
	  </match>
	  <match id="PF00191" name="Annexin" dbname="PFAM">
	    <location start="1" end="57" score="6.6e-24" status="T" evidence="HMMPfam"/>
	  </match>
	  <match id="SM00335" name="no description" dbname="SMART">
	    <location start="5" end="57" score="7.8e-24" status="T" evidence="HMMSmart"/>
	  </match>
	</interpro>
   </protein>

</interpro_matches>
</EBIInterProScanResults>
