<?xml version="1.0" encoding="ISO-8859-1"?>
<EBIInterProScanResults   >
	<Header>
		<program name="InterProScan" version="4.8" citation="PMID:11590104"/>
		<parameters>
			<sequences total="0"/>
			<databases total="16">
				<database number="1" name="PRODOM" type="sequences"/>
				<database number="2" name="COIL" type="matrix"/>
				<database number="3" name="PRINTS" type="matrix"/>
				<database number="4" name="GENE3D" type="model"/>
				<database number="5" name="HAMAP" type="strings"/>
				<database number="6" name="PANTHER" type="model"/>
				<database number="7" name="PFAM" type="model"/>
				<database number="8" name="PIR" type="model"/>
				<database number="9" name="SMART" type="model"/>
				<database number="10" name="TIGRFAMs" type="model"/>
				<database number="11" name="PROSITE" type="strings"/>
				<database number="12" name="PROFILE" type="strings"/>
				<database number="13" name="SEG" type="NA"/>
				<database number="14" name="SIGNALP" type="model"/>
				<database number="15" name="SUPERFAMILY" type="model"/>
				<database number="16" name="TMHMM" type="model"/>
			</databases>
		</parameters>
	</Header>
<interpro_matches>

   <protein id="Sequence_1" length="82" crc64="AD11837555A3F485">
	<interpro id="IPR006121" name="Heavy metal-associated domain, HMA" type="Domain">
	  <child_list>
	    <rel_ref ipr_ref="IPR006122"/>
	  </child_list>
	  <found_in>
	    <rel_ref ipr_ref="IPR000579"/>
	    <rel_ref ipr_ref="IPR001366"/>
	    <rel_ref ipr_ref="IPR001757"/>
	    <rel_ref ipr_ref="IPR016578"/>
	    <rel_ref ipr_ref="IPR016617"/>
	    <rel_ref ipr_ref="IPR021179"/>
	 </found_in>
	  <contains>
	    <rel_ref ipr_ref="IPR017969"/>
	  </contains>
	  <classification id="GO:0030001" class_type="GO">
	    <category>Biological Process</category>
	    <description>metal ion transport</description>
	  </classification>
	  <classification id="GO:0046872" class_type="GO">
	    <category>Molecular Function</category>
	    <description>metal ion binding</description>
	  </classification>
	  <match id="PF00403" name="HMA" dbname="PFAM">
	    <location start="6" end="62" score="9.3e-14" status="T" evidence="HMMPfam"/>
	  </match>
	  <match id="PS50846" name="HMA_2" dbname="PROFILE">
	    <location start="3" end="66" score="13.378" status="T" evidence="ProfileScan"/>
	  </match>
	  <match id="SSF55008" name="HMA, heavy metal-associated domain" dbname="SUPERFAMILY">
	    <location start="1" end="71" score="2.4e-16" status="T" evidence="superfamily"/>
	  </match>
	</interpro>
	<interpro id="noIPR" name="unintegrated" type="unintegrated">
	  <match id="G3DSA:3.30.70.100" name="no description" dbname="GENE3D">
	    <location start="2" end="68" score="5.1e-20" status="T" evidence="Gene3D"/>
	  </match>
	  <match id="PTHR22814" name="FAMILY NOT NAMED" dbname="PANTHER">
	    <location start="1" end="77" score="5.1e-29" status="T" evidence="HMMPanther"/>
	  </match>
	  <match id="PTHR22814:SF15" name="COPPER TRANSPORT PROTEIN ATOX1 (METAL TRANSPORT PROTEIN ATX1)" dbname="PANTHER">
	    <location start="1" end="77" score="5.1e-29" status="T" evidence="HMMPanther"/>
	  </match>
	  <match id="seg" name="seg" dbname="SEG">
	    <location start="71" end="82" score="NA" status="?" evidence="Seg"/>
	  </match>
	</interpro>
   </protein>

</interpro_matches>
</EBIInterProScanResults>
