<?xml version="1.0" encoding="ISO-8859-1"?>
<EBIInterProScanResults   >
	<Header>
		<program name="InterProScan" version="4.8" citation="PMID:11590104"/>
		<parameters>
			<sequences total="0"/>
			<databases total="16">
				<database number="1" name="PRODOM" type="sequences"/>
				<database number="2" name="COIL" type="matrix"/>
				<database number="3" name="PRINTS" type="matrix"/>
				<database number="4" name="GENE3D" type="model"/>
				<database number="5" name="HAMAP" type="strings"/>
				<database number="6" name="PANTHER" type="model"/>
				<database number="7" name="PFAM" type="model"/>
				<database number="8" name="PIR" type="model"/>
				<database number="9" name="SMART" type="model"/>
				<database number="10" name="TIGRFAMs" type="model"/>
				<database number="11" name="PROSITE" type="strings"/>
				<database number="12" name="PROFILE" type="strings"/>
				<database number="13" name="SEG" type="NA"/>
				<database number="14" name="SIGNALP" type="model"/>
				<database number="15" name="SUPERFAMILY" type="model"/>
				<database number="16" name="TMHMM" type="model"/>
			</databases>
		</parameters>
	</Header>
<interpro_matches>

   <protein id="Sequence_1" length="107" crc64="42B7504A3DD4FA94">
	<interpro id="IPR009542" name="Microsomal signal peptidase 12kDa subunit" type="Family">
	  <classification id="GO:0005787" class_type="GO">
	    <category>Cellular Component</category>
	    <description>signal peptidase complex</description>
	  </classification>
	  <classification id="GO:0006465" class_type="GO">
	    <category>Biological Process</category>
	    <description>signal peptide processing</description>
	  </classification>
	  <classification id="GO:0008233" class_type="GO">
	    <category>Molecular Function</category>
	    <description>peptidase activity</description>
	  </classification>
	  <classification id="GO:0016021" class_type="GO">
	    <category>Cellular Component</category>
	    <description>integral to membrane</description>
	  </classification>
	  <match id="PTHR13202" name="FAMILY NOT NAMED" dbname="PANTHER">
	    <location start="32" end="105" score="8.6e-31" status="T" evidence="HMMPanther"/>
	  </match>
	  <match id="PF06645" name="SPC12" dbname="PFAM">
	    <location start="33" end="97" score="1.4e-25" status="T" evidence="HMMPfam"/>
	  </match>
	</interpro>
	<interpro id="noIPR" name="unintegrated" type="unintegrated">
	  <match id="tmhmm" name="transmembrane_regions" dbname="TMHMM">
	    <location start="43" end="61" score="NA" status="?" evidence="TMHMM"/>
	    <location start="71" end="91" score="NA" status="?" evidence="TMHMM"/>
	  </match>
	</interpro>
   </protein>

</interpro_matches>
</EBIInterProScanResults>
