<?xml version="1.0" encoding="ISO-8859-1"?>
<EBIInterProScanResults   >
	<Header>
		<program name="InterProScan" version="4.8" citation="PMID:11590104"/>
		<parameters>
			<sequences total="0"/>
			<databases total="16">
				<database number="1" name="PRODOM" type="sequences"/>
				<database number="2" name="COIL" type="matrix"/>
				<database number="3" name="PRINTS" type="matrix"/>
				<database number="4" name="GENE3D" type="model"/>
				<database number="5" name="HAMAP" type="strings"/>
				<database number="6" name="PANTHER" type="model"/>
				<database number="7" name="PFAM" type="model"/>
				<database number="8" name="PIR" type="model"/>
				<database number="9" name="SMART" type="model"/>
				<database number="10" name="TIGRFAMs" type="model"/>
				<database number="11" name="PROSITE" type="strings"/>
				<database number="12" name="PROFILE" type="strings"/>
				<database number="13" name="SEG" type="NA"/>
				<database number="14" name="SIGNALP" type="model"/>
				<database number="15" name="SUPERFAMILY" type="model"/>
				<database number="16" name="TMHMM" type="model"/>
			</databases>
		</parameters>
	</Header>
<interpro_matches>

   <protein id="Sequence_1" length="246" crc64="B8ADF83C8C5DA6E5">
	<interpro id="IPR003307" name="eIF4-gamma/eIF5/eIF2-epsilon" type="Domain" parent_id="IPR016024">
	  <classification id="GO:0005488" class_type="GO">
	    <category>Molecular Function</category>
	    <description>binding</description>
	  </classification>
	  <match id="PF02020" name="W2" dbname="PFAM">
	    <location start="167" end="246" score="7.4e-19" status="T" evidence="HMMPfam"/>
	  </match>
	  <match id="SM00515" name="no description" dbname="SMART">
	    <location start="154" end="242" score="6.6e-26" status="T" evidence="HMMSmart"/>
	  </match>
	  <match id="PS51363" name="W2" dbname="PROFILE">
	    <location start="88" end="246" score="23.283" status="T" evidence="ProfileScan"/>
	  </match>
	</interpro>
	<interpro id="IPR016021" name="MIF4-like, type 1/2/3" type="Domain">
	  <found_in>
	    <rel_ref ipr_ref="IPR016024"/>
	 </found_in>
	  <contains>
	    <rel_ref ipr_ref="IPR003890"/>
	    <rel_ref ipr_ref="IPR015172"/>
	    <rel_ref ipr_ref="IPR015174"/>
	  </contains>
	  <classification id="GO:0016070" class_type="GO">
	    <category>Biological Process</category>
	    <description>RNA metabolic process</description>
	  </classification>
	  <match id="G3DSA:1.25.40.180" name="no description" dbname="GENE3D">
	    <location start="99" end="246" score="2.5e-24" status="T" evidence="Gene3D"/>
	  </match>
	</interpro>
	<interpro id="IPR016024" name="Armadillo-type fold" type="Domain">
	  <child_list>
	    <rel_ref ipr_ref="IPR001263"/>
	    <rel_ref ipr_ref="IPR003307"/>
	    <rel_ref ipr_ref="IPR011989"/>
	    <rel_ref ipr_ref="IPR015211"/>
	    <rel_ref ipr_ref="IPR015327"/>
	    <rel_ref ipr_ref="IPR016020"/>
	  </child_list>
	  <found_in>
	    <rel_ref ipr_ref="IPR000091"/>
	    <rel_ref ipr_ref="IPR003913"/>
	    <rel_ref ipr_ref="IPR004083"/>
	    <rel_ref ipr_ref="IPR004908"/>
	    <rel_ref ipr_ref="IPR008383"/>
	    <rel_ref ipr_ref="IPR012371"/>
	    <rel_ref ipr_ref="IPR012502"/>
	    <rel_ref ipr_ref="IPR013878"/>
	    <rel_ref ipr_ref="IPR014825"/>
	    <rel_ref ipr_ref="IPR016341"/>
	    <rel_ref ipr_ref="IPR016441"/>
	    <rel_ref ipr_ref="IPR016460"/>
	    <rel_ref ipr_ref="IPR016528"/>
	    <rel_ref ipr_ref="IPR016643"/>
	    <rel_ref ipr_ref="IPR016902"/>
	    <rel_ref ipr_ref="IPR017212"/>
	 </found_in>
	  <contains>
	    <rel_ref ipr_ref="IPR000225"/>
	    <rel_ref ipr_ref="IPR000357"/>
	    <rel_ref ipr_ref="IPR000547"/>
	    <rel_ref ipr_ref="IPR002015"/>
	    <rel_ref ipr_ref="IPR003890"/>
	    <rel_ref ipr_ref="IPR004155"/>
	    <rel_ref ipr_ref="IPR004830"/>
	    <rel_ref ipr_ref="IPR006887"/>
	    <rel_ref ipr_ref="IPR006953"/>
	    <rel_ref ipr_ref="IPR006955"/>
	    <rel_ref ipr_ref="IPR007205"/>
	    <rel_ref ipr_ref="IPR007701"/>
	    <rel_ref ipr_ref="IPR010314"/>
	    <rel_ref ipr_ref="IPR010508"/>
	    <rel_ref ipr_ref="IPR011430"/>
	    <rel_ref ipr_ref="IPR011632"/>
	    <rel_ref ipr_ref="IPR011987"/>
	    <rel_ref ipr_ref="IPR012331"/>
	    <rel_ref ipr_ref="IPR012582"/>
	    <rel_ref ipr_ref="IPR012583"/>
	    <rel_ref ipr_ref="IPR012954"/>
	    <rel_ref ipr_ref="IPR012977"/>
	    <rel_ref ipr_ref="IPR012978"/>
	    <rel_ref ipr_ref="IPR012980"/>
	    <rel_ref ipr_ref="IPR012993"/>
	    <rel_ref ipr_ref="IPR013180"/>
	    <rel_ref ipr_ref="IPR013713"/>
	    <rel_ref ipr_ref="IPR013721"/>
	    <rel_ref ipr_ref="IPR015172"/>
	    <rel_ref ipr_ref="IPR015174"/>
	    <rel_ref ipr_ref="IPR015348"/>
	    <rel_ref ipr_ref="IPR015403"/>
	    <rel_ref ipr_ref="IPR016021"/>
	    <rel_ref ipr_ref="IPR019414"/>
	    <rel_ref ipr_ref="IPR019451"/>
	    <rel_ref ipr_ref="IPR020839"/>
	    <rel_ref ipr_ref="IPR021133"/>
	    <rel_ref ipr_ref="IPR022707"/>
	    <rel_ref ipr_ref="IPR022716"/>
	  </contains>
	  <classification id="GO:0005488" class_type="GO">
	    <category>Molecular Function</category>
	    <description>binding</description>
	  </classification>
	  <match id="SSF48371" name="ARM repeat" dbname="SUPERFAMILY">
	    <location start="89" end="240" score="2.4e-25" status="T" evidence="superfamily"/>
	  </match>
	</interpro>
	<interpro id="noIPR" name="unintegrated" type="unintegrated">
	  <match id="PTHR23001" name="FAMILY NOT NAMED" dbname="PANTHER">
	    <location start="26" end="246" score="6.1e-38" status="T" evidence="HMMPanther"/>
	  </match>
	  <match id="seg" name="seg" dbname="SEG">
	    <location start="26" end="33" score="NA" status="?" evidence="Seg"/>
	    <location start="64" end="81" score="NA" status="?" evidence="Seg"/>
	    <location start="149" end="162" score="NA" status="?" evidence="Seg"/>
	  </match>
	</interpro>
   </protein>

</interpro_matches>
</EBIInterProScanResults>
