<?xml version="1.0" encoding="ISO-8859-1"?>
<EBIInterProScanResults   >
	<Header>
		<program name="InterProScan" version="4.8" citation="PMID:11590104"/>
		<parameters>
			<sequences total="0"/>
			<databases total="16">
				<database number="1" name="PRODOM" type="sequences"/>
				<database number="2" name="COIL" type="matrix"/>
				<database number="3" name="PRINTS" type="matrix"/>
				<database number="4" name="GENE3D" type="model"/>
				<database number="5" name="HAMAP" type="strings"/>
				<database number="6" name="PANTHER" type="model"/>
				<database number="7" name="PFAM" type="model"/>
				<database number="8" name="PIR" type="model"/>
				<database number="9" name="SMART" type="model"/>
				<database number="10" name="TIGRFAMs" type="model"/>
				<database number="11" name="PROSITE" type="strings"/>
				<database number="12" name="PROFILE" type="strings"/>
				<database number="13" name="SEG" type="NA"/>
				<database number="14" name="SIGNALP" type="model"/>
				<database number="15" name="SUPERFAMILY" type="model"/>
				<database number="16" name="TMHMM" type="model"/>
			</databases>
		</parameters>
	</Header>
<interpro_matches>

   <protein id="Sequence_1" length="163" crc64="4D7789F561F2A6B0">
	<interpro id="noIPR" name="unintegrated" type="unintegrated">
	  <match id="coil" name="coiled-coil" dbname="COIL">
	    <location start="1" end="22" score="NA" status="?" evidence="Coil"/>
	  </match>
	  <match id="PTHR22593" name="FAMILY NOT NAMED" dbname="PANTHER">
	    <location start="1" end="163" score="7.8e-90" status="T" evidence="HMMPanther"/>
	  </match>
	  <match id="PTHR22593:SF2" name="SUBFAMILY NOT NAMED" dbname="PANTHER">
	    <location start="1" end="163" score="7.8e-90" status="T" evidence="HMMPanther"/>
	  </match>
	  <match id="seg" name="seg" dbname="SEG">
	    <location start="51" end="68" score="NA" status="?" evidence="Seg"/>
	  </match>
	  <match id="tmhmm" name="transmembrane_regions" dbname="TMHMM">
	    <location start="49" end="67" score="NA" status="?" evidence="TMHMM"/>
	    <location start="77" end="97" score="NA" status="?" evidence="TMHMM"/>
	    <location start="124" end="144" score="NA" status="?" evidence="TMHMM"/>
	  </match>
	</interpro>
   </protein>

</interpro_matches>
</EBIInterProScanResults>
