<?xml version="1.0" encoding="ISO-8859-1"?>
<EBIInterProScanResults   >
	<Header>
		<program name="InterProScan" version="4.8" citation="PMID:11590104"/>
		<parameters>
			<sequences total="0"/>
			<databases total="16">
				<database number="1" name="PRODOM" type="sequences"/>
				<database number="2" name="COIL" type="matrix"/>
				<database number="3" name="PRINTS" type="matrix"/>
				<database number="4" name="GENE3D" type="model"/>
				<database number="5" name="HAMAP" type="strings"/>
				<database number="6" name="PANTHER" type="model"/>
				<database number="7" name="PFAM" type="model"/>
				<database number="8" name="PIR" type="model"/>
				<database number="9" name="SMART" type="model"/>
				<database number="10" name="TIGRFAMs" type="model"/>
				<database number="11" name="PROSITE" type="strings"/>
				<database number="12" name="PROFILE" type="strings"/>
				<database number="13" name="SEG" type="NA"/>
				<database number="14" name="SIGNALP" type="model"/>
				<database number="15" name="SUPERFAMILY" type="model"/>
				<database number="16" name="TMHMM" type="model"/>
			</databases>
		</parameters>
	</Header>
<interpro_matches>

   <protein id="Sequence_1" length="214" crc64="1F6E7B0C548FFDEB">
	<interpro id="IPR004041" name="NAF domain" type="Domain">
	  <found_in>
	    <rel_ref ipr_ref="IPR020636"/>
	 </found_in>
	  <contains>
	    <rel_ref ipr_ref="IPR018451"/>
	  </contains>
	  <classification id="GO:0007165" class_type="GO">
	    <category>Biological Process</category>
	    <description>signal transduction</description>
	  </classification>
	  <match id="PF03822" name="NAF" dbname="PFAM">
	    <location start="81" end="140" score="4.9e-24" status="T" evidence="HMMPfam"/>
	  </match>
	</interpro>
	<interpro id="IPR018451" name="NAF/FISL domain" type="Domain">
	  <found_in>
	    <rel_ref ipr_ref="IPR004041"/>
	    <rel_ref ipr_ref="IPR020636"/>
	 </found_in>
	  <classification id="GO:0007165" class_type="GO">
	    <category>Biological Process</category>
	    <description>signal transduction</description>
	  </classification>
	  <match id="PS50816" name="NAF" dbname="PROFILE">
	    <location start="78" end="102" score="13.238" status="T" evidence="ProfileScan"/>
	  </match>
	</interpro>
	<interpro id="noIPR" name="unintegrated" type="unintegrated">
	  <match id="coil" name="coiled-coil" dbname="COIL">
	    <location start="123" end="144" score="NA" status="?" evidence="Coil"/>
	  </match>
	  <match id="PTHR24344" name="FAMILY NOT NAMED" dbname="PANTHER">
	    <location start="73" end="180" score="3.7e-07" status="T" evidence="HMMPanther"/>
	  </match>
	  <match id="PTHR24344:SF45" name="SUBFAMILY NOT NAMED" dbname="PANTHER">
	    <location start="73" end="180" score="3.7e-07" status="T" evidence="HMMPanther"/>
	  </match>
	  <match id="seg" name="seg" dbname="SEG">
	    <location start="65" end="80" score="NA" status="?" evidence="Seg"/>
	    <location start="86" end="102" score="NA" status="?" evidence="Seg"/>
	    <location start="184" end="192" score="NA" status="?" evidence="Seg"/>
	    <location start="201" end="214" score="NA" status="?" evidence="Seg"/>
	  </match>
	</interpro>
   </protein>

</interpro_matches>
</EBIInterProScanResults>
