<?xml version="1.0" encoding="ISO-8859-1"?>
<EBIInterProScanResults   >
	<Header>
		<program name="InterProScan" version="4.8" citation="PMID:11590104"/>
		<parameters>
			<sequences total="0"/>
			<databases total="16">
				<database number="1" name="PRODOM" type="sequences"/>
				<database number="2" name="COIL" type="matrix"/>
				<database number="3" name="PRINTS" type="matrix"/>
				<database number="4" name="GENE3D" type="model"/>
				<database number="5" name="HAMAP" type="strings"/>
				<database number="6" name="PANTHER" type="model"/>
				<database number="7" name="PFAM" type="model"/>
				<database number="8" name="PIR" type="model"/>
				<database number="9" name="SMART" type="model"/>
				<database number="10" name="TIGRFAMs" type="model"/>
				<database number="11" name="PROSITE" type="strings"/>
				<database number="12" name="PROFILE" type="strings"/>
				<database number="13" name="SEG" type="NA"/>
				<database number="14" name="SIGNALP" type="model"/>
				<database number="15" name="SUPERFAMILY" type="model"/>
				<database number="16" name="TMHMM" type="model"/>
			</databases>
		</parameters>
	</Header>
<interpro_matches>

   <protein id="Sequence_1" length="143" crc64="BBC0E9AE68DABCE1">
	<interpro id="IPR007265" name="Sec34-like protein" type="Family">
	  <classification id="GO:0005801" class_type="GO">
	    <category>Cellular Component</category>
	    <description>cis-Golgi network</description>
	  </classification>
	  <classification id="GO:0006886" class_type="GO">
	    <category>Biological Process</category>
	    <description>intracellular protein transport</description>
	  </classification>
	  <classification id="GO:0016020" class_type="GO">
	    <category>Cellular Component</category>
	    <description>membrane</description>
	  </classification>
	  <match id="PTHR13302" name="FAMILY NOT NAMED" dbname="PANTHER">
	    <location start="1" end="142" score="6.1e-45" status="T" evidence="HMMPanther"/>
	  </match>
	</interpro>
	<interpro id="noIPR" name="unintegrated" type="unintegrated">
	  <match id="coil" name="coiled-coil" dbname="COIL">
	    <location start="10" end="31" score="NA" status="?" evidence="Coil"/>
	  </match>
	</interpro>
   </protein>

</interpro_matches>
</EBIInterProScanResults>
