<?xml version="1.0" encoding="ISO-8859-1"?>
<EBIInterProScanResults   >
	<Header>
		<program name="InterProScan" version="4.8" citation="PMID:11590104"/>
		<parameters>
			<sequences total="0"/>
			<databases total="16">
				<database number="1" name="PRODOM" type="sequences"/>
				<database number="2" name="COIL" type="matrix"/>
				<database number="3" name="PRINTS" type="matrix"/>
				<database number="4" name="GENE3D" type="model"/>
				<database number="5" name="HAMAP" type="strings"/>
				<database number="6" name="PANTHER" type="model"/>
				<database number="7" name="PFAM" type="model"/>
				<database number="8" name="PIR" type="model"/>
				<database number="9" name="SMART" type="model"/>
				<database number="10" name="TIGRFAMs" type="model"/>
				<database number="11" name="PROSITE" type="strings"/>
				<database number="12" name="PROFILE" type="strings"/>
				<database number="13" name="SEG" type="NA"/>
				<database number="14" name="SIGNALP" type="model"/>
				<database number="15" name="SUPERFAMILY" type="model"/>
				<database number="16" name="TMHMM" type="model"/>
			</databases>
		</parameters>
	</Header>
<interpro_matches>

   <protein id="Sequence_1" length="127" crc64="1314E7DF2C3A973F">
	<interpro id="IPR001163" name="Like-Sm ribonucleoprotein (LSM) domain" type="Domain" parent_id="IPR010920">
	  <child_list>
	    <rel_ref ipr_ref="IPR006649"/>
	  </child_list>
	  <match id="PF01423" name="LSM" dbname="PFAM">
	    <location start="50" end="112" score="8.3e-20" status="T" evidence="HMMPfam"/>
	  </match>
	</interpro>
	<interpro id="IPR006649" name="Like-Sm ribonucleoprotein (LSM) domain, eukaryotic/archaea-type" type="Domain" parent_id="IPR001163">
	  <match id="SM00651" name="no description" dbname="SMART">
	    <location start="49" end="114" score="1.4e-25" status="T" evidence="HMMSmart"/>
	  </match>
	</interpro>
	<interpro id="IPR010920" name="Like-Sm ribonucleoprotein (LSM)-related domain" type="Domain">
	  <child_list>
	    <rel_ref ipr_ref="IPR001163"/>
	  </child_list>
	  <found_in>
	    <rel_ref ipr_ref="IPR006685"/>
	    <rel_ref ipr_ref="IPR016688"/>
	    <rel_ref ipr_ref="IPR016846"/>
	 </found_in>
	  <contains>
	    <rel_ref ipr_ref="IPR006686"/>
	  </contains>
	  <match id="SSF50182" name="Sm-like ribonucleoproteins" dbname="SUPERFAMILY">
	    <location start="47" end="116" score="1.9e-21" status="T" evidence="superfamily"/>
	  </match>
	</interpro>
	<interpro id="noIPR" name="unintegrated" type="unintegrated">
	  <match id="G3DSA:2.30.30.100" name="no description" dbname="GENE3D">
	    <location start="50" end="115" score="1.9e-28" status="T" evidence="Gene3D"/>
	  </match>
	  <match id="PTHR11021" name="FAMILY NOT NAMED" dbname="PANTHER">
	    <location start="39" end="125" score="5.1e-59" status="T" evidence="HMMPanther"/>
	  </match>
	  <match id="SignalP-NN(euk)" name="signal-peptide" dbname="SIGNALP">
	    <location start="1" end="35" score="NA" status="?" evidence="SignalPHMM"/>
	  </match>
	</interpro>
   </protein>

</interpro_matches>
</EBIInterProScanResults>
