<?xml version="1.0" encoding="ISO-8859-1"?>
<EBIInterProScanResults   >
	<Header>
		<program name="InterProScan" version="4.8" citation="PMID:11590104"/>
		<parameters>
			<sequences total="0"/>
			<databases total="16">
				<database number="1" name="PRODOM" type="sequences"/>
				<database number="2" name="COIL" type="matrix"/>
				<database number="3" name="PRINTS" type="matrix"/>
				<database number="4" name="GENE3D" type="model"/>
				<database number="5" name="HAMAP" type="strings"/>
				<database number="6" name="PANTHER" type="model"/>
				<database number="7" name="PFAM" type="model"/>
				<database number="8" name="PIR" type="model"/>
				<database number="9" name="SMART" type="model"/>
				<database number="10" name="TIGRFAMs" type="model"/>
				<database number="11" name="PROSITE" type="strings"/>
				<database number="12" name="PROFILE" type="strings"/>
				<database number="13" name="SEG" type="NA"/>
				<database number="14" name="SIGNALP" type="model"/>
				<database number="15" name="SUPERFAMILY" type="model"/>
				<database number="16" name="TMHMM" type="model"/>
			</databases>
		</parameters>
	</Header>
<interpro_matches>

   <protein id="Sequence_1" length="286" crc64="51BE77D00F2E6C5C">
	<interpro id="IPR001344" name="Chlorophyll A-B binding protein, plant" type="Family" parent_id="IPR022796">
	  <classification id="GO:0016020" class_type="GO">
	    <category>Cellular Component</category>
	    <description>membrane</description>
	  </classification>
	  <match id="PTHR21649" name="FAMILY NOT NAMED" dbname="PANTHER">
	    <location start="22" end="286" score="2.6e-157" status="T" evidence="HMMPanther"/>
	  </match>
	</interpro>
	<interpro id="IPR022796" name="Chlorophyll A-B binding protein" type="Family">
	  <child_list>
	    <rel_ref ipr_ref="IPR001344"/>
	  </child_list>
	  <match id="PF00504" name="Chloroa_b-bind" dbname="PFAM">
	    <location start="87" end="252" score="5.9e-50" status="T" evidence="HMMPfam"/>
	  </match>
	</interpro>
	<interpro id="IPR023329" name="Chlorophyll a/b binding protein domain" type="Domain">
	  <match id="G3DSA:1.10.3460.10" name="no description" dbname="GENE3D">
	    <location start="78" end="278" score="7.3e-100" status="T" evidence="Gene3D"/>
	  </match>
	  <match id="SSF103511" name="Chlorophyll a-b binding protein" dbname="SUPERFAMILY">
	    <location start="68" end="285" score="1.2e-76" status="T" evidence="superfamily"/>
	  </match>
	</interpro>
   </protein>

</interpro_matches>
</EBIInterProScanResults>
