<?xml version="1.0" encoding="ISO-8859-1"?>
<EBIInterProScanResults   >
	<Header>
		<program name="InterProScan" version="4.8" citation="PMID:11590104"/>
		<parameters>
			<sequences total="0"/>
			<databases total="16">
				<database number="1" name="PRODOM" type="sequences"/>
				<database number="2" name="COIL" type="matrix"/>
				<database number="3" name="PRINTS" type="matrix"/>
				<database number="4" name="GENE3D" type="model"/>
				<database number="5" name="HAMAP" type="strings"/>
				<database number="6" name="PANTHER" type="model"/>
				<database number="7" name="PFAM" type="model"/>
				<database number="8" name="PIR" type="model"/>
				<database number="9" name="SMART" type="model"/>
				<database number="10" name="TIGRFAMs" type="model"/>
				<database number="11" name="PROSITE" type="strings"/>
				<database number="12" name="PROFILE" type="strings"/>
				<database number="13" name="SEG" type="NA"/>
				<database number="14" name="SIGNALP" type="model"/>
				<database number="15" name="SUPERFAMILY" type="model"/>
				<database number="16" name="TMHMM" type="model"/>
			</databases>
		</parameters>
	</Header>
<interpro_matches>

   <protein id="Sequence_1" length="274" crc64="204F2585FC2A6820">
	<interpro id="IPR001344" name="Chlorophyll A-B binding protein, plant" type="Family" parent_id="IPR022796">
	  <classification id="GO:0016020" class_type="GO">
	    <category>Cellular Component</category>
	    <description>membrane</description>
	  </classification>
	  <match id="PTHR21649" name="FAMILY NOT NAMED" dbname="PANTHER">
	    <location start="1" end="271" score="1.4e-116" status="T" evidence="HMMPanther"/>
	  </match>
	</interpro>
	<interpro id="IPR022796" name="Chlorophyll A-B binding protein" type="Family">
	  <child_list>
	    <rel_ref ipr_ref="IPR001344"/>
	  </child_list>
	  <match id="PF00504" name="Chloroa_b-bind" dbname="PFAM">
	    <location start="65" end="243" score="1.9e-49" status="T" evidence="HMMPfam"/>
	  </match>
	</interpro>
	<interpro id="IPR023329" name="Chlorophyll a/b binding protein domain" type="Domain">
	  <match id="G3DSA:1.10.3460.10" name="no description" dbname="GENE3D">
	    <location start="55" end="269" score="1.2e-67" status="T" evidence="Gene3D"/>
	  </match>
	  <match id="SSF103511" name="Chlorophyll a-b binding protein" dbname="SUPERFAMILY">
	    <location start="45" end="271" score="1.8e-53" status="T" evidence="superfamily"/>
	  </match>
	</interpro>
	<interpro id="noIPR" name="unintegrated" type="unintegrated">
	  <match id="seg" name="seg" dbname="SEG">
	    <location start="6" end="16" score="NA" status="?" evidence="Seg"/>
	    <location start="202" end="213" score="NA" status="?" evidence="Seg"/>
	  </match>
	  <match id="tmhmm" name="transmembrane_regions" dbname="TMHMM">
	    <location start="107" end="127" score="NA" status="?" evidence="TMHMM"/>
	    <location start="149" end="167" score="NA" status="?" evidence="TMHMM"/>
	    <location start="232" end="252" score="NA" status="?" evidence="TMHMM"/>
	  </match>
	</interpro>
   </protein>

</interpro_matches>
</EBIInterProScanResults>
