<?xml version="1.0" encoding="ISO-8859-1"?>
<EBIInterProScanResults   >
	<Header>
		<program name="InterProScan" version="4.8" citation="PMID:11590104"/>
		<parameters>
			<sequences total="0"/>
			<databases total="16">
				<database number="1" name="PRODOM" type="sequences"/>
				<database number="2" name="COIL" type="matrix"/>
				<database number="3" name="PRINTS" type="matrix"/>
				<database number="4" name="GENE3D" type="model"/>
				<database number="5" name="HAMAP" type="strings"/>
				<database number="6" name="PANTHER" type="model"/>
				<database number="7" name="PFAM" type="model"/>
				<database number="8" name="PIR" type="model"/>
				<database number="9" name="SMART" type="model"/>
				<database number="10" name="TIGRFAMs" type="model"/>
				<database number="11" name="PROSITE" type="strings"/>
				<database number="12" name="PROFILE" type="strings"/>
				<database number="13" name="SEG" type="NA"/>
				<database number="14" name="SIGNALP" type="model"/>
				<database number="15" name="SUPERFAMILY" type="model"/>
				<database number="16" name="TMHMM" type="model"/>
			</databases>
		</parameters>
	</Header>
<interpro_matches>

   <protein id="Sequence_1" length="74" crc64="2A8AB93AA9114F42">
	<interpro id="IPR018450" name="Reactive oxygen species modulator 1" type="Family">
	  <match id="PF10247" name="Romo1" dbname="PFAM">
	    <location start="5" end="70" score="4.6e-28" status="T" evidence="HMMPfam"/>
	  </match>
	</interpro>
	<interpro id="noIPR" name="unintegrated" type="unintegrated">
	  <match id="seg" name="seg" dbname="SEG">
	    <location start="8" end="27" score="NA" status="?" evidence="Seg"/>
	  </match>
	  <match id="tmhmm" name="transmembrane_regions" dbname="TMHMM">
	    <location start="10" end="30" score="NA" status="?" evidence="TMHMM"/>
	    <location start="44" end="64" score="NA" status="?" evidence="TMHMM"/>
	  </match>
	</interpro>
   </protein>

</interpro_matches>
</EBIInterProScanResults>
