<?xml version="1.0" encoding="ISO-8859-1"?>
<EBIInterProScanResults   >
	<Header>
		<program name="InterProScan" version="4.8" citation="PMID:11590104"/>
		<parameters>
			<sequences total="0"/>
			<databases total="16">
				<database number="1" name="PRODOM" type="sequences"/>
				<database number="2" name="COIL" type="matrix"/>
				<database number="3" name="PRINTS" type="matrix"/>
				<database number="4" name="GENE3D" type="model"/>
				<database number="5" name="HAMAP" type="strings"/>
				<database number="6" name="PANTHER" type="model"/>
				<database number="7" name="PFAM" type="model"/>
				<database number="8" name="PIR" type="model"/>
				<database number="9" name="SMART" type="model"/>
				<database number="10" name="TIGRFAMs" type="model"/>
				<database number="11" name="PROSITE" type="strings"/>
				<database number="12" name="PROFILE" type="strings"/>
				<database number="13" name="SEG" type="NA"/>
				<database number="14" name="SIGNALP" type="model"/>
				<database number="15" name="SUPERFAMILY" type="model"/>
				<database number="16" name="TMHMM" type="model"/>
			</databases>
		</parameters>
	</Header>
<interpro_matches>

   <protein id="Sequence_1" length="282" crc64="896865085117C517">
	<interpro id="IPR000889" name="Glutathione peroxidase" type="Family">
	  <child_list>
	    <rel_ref ipr_ref="IPR013376"/>
	  </child_list>
	  <contains>
	    <rel_ref ipr_ref="IPR012335"/>
	  </contains>
	  <classification id="GO:0004602" class_type="GO">
	    <category>Molecular Function</category>
	    <description>glutathione peroxidase activity</description>
	  </classification>
	  <classification id="GO:0006979" class_type="GO">
	    <category>Biological Process</category>
	    <description>response to oxidative stress</description>
	  </classification>
	  <classification id="GO:0055114" class_type="GO">
	    <category>Biological Process</category>
	    <description>oxidation-reduction process</description>
	  </classification>
	  <match id="PR01011" name="GLUTPROXDASE" dbname="PRINTS">
	    <location start="143" end="160" score="5.4e-22" status="T" evidence="FPrintScan"/>
	    <location start="179" end="195" score="5.4e-22" status="T" evidence="FPrintScan"/>
	    <location start="244" end="253" score="5.4e-22" status="T" evidence="FPrintScan"/>
	  </match>
	  <match id="PTHR11592" name="FAMILY NOT NAMED" dbname="PANTHER">
	    <location start="119" end="280" score="3.5e-106" status="T" evidence="HMMPanther"/>
	  </match>
	  <match id="PF00255" name="GSHPx" dbname="PFAM">
	    <location start="125" end="233" score="6.9e-46" status="T" evidence="HMMPfam"/>
	  </match>
	  <match id="PS00460" name="GLUTATHIONE_PEROXID_1" dbname="PROSITE">
	    <location start="145" end="160" score="NA" status="T" evidence="PatternScan"/>
	  </match>
	  <match id="PS00763" name="GLUTATHIONE_PEROXID_2" dbname="PROSITE">
	    <location start="182" end="189" score="NA" status="T" evidence="PatternScan"/>
	  </match>
	  <match id="PS51355" name="GLUTATHIONE_PEROXID_3" dbname="PROFILE">
	    <location start="115" end="282" score="75.532" status="T" evidence="ProfileScan"/>
	  </match>
	</interpro>
	<interpro id="IPR012335" name="Thioredoxin fold" type="Domain" parent_id="IPR012336">
	  <child_list>
	    <rel_ref ipr_ref="IPR004045"/>
	    <rel_ref ipr_ref="IPR017936"/>
	  </child_list>
	  <found_in>
	    <rel_ref ipr_ref="IPR000643"/>
	    <rel_ref ipr_ref="IPR000889"/>
	    <rel_ref ipr_ref="IPR001200"/>
	    <rel_ref ipr_ref="IPR001393"/>
	    <rel_ref ipr_ref="IPR001853"/>
	    <rel_ref ipr_ref="IPR002023"/>
	    <rel_ref ipr_ref="IPR002946"/>
	    <rel_ref ipr_ref="IPR003083"/>
	    <rel_ref ipr_ref="IPR003782"/>
	    <rel_ref ipr_ref="IPR004123"/>
	    <rel_ref ipr_ref="IPR004480"/>
	    <rel_ref ipr_ref="IPR004508"/>
	    <rel_ref ipr_ref="IPR004799"/>
	    <rel_ref ipr_ref="IPR005243"/>
	    <rel_ref ipr_ref="IPR005788"/>
	    <rel_ref ipr_ref="IPR005792"/>
	    <rel_ref ipr_ref="IPR005985"/>
	    <rel_ref ipr_ref="IPR006503"/>
	    <rel_ref ipr_ref="IPR006504"/>
	    <rel_ref ipr_ref="IPR006659"/>
	    <rel_ref ipr_ref="IPR006660"/>
	    <rel_ref ipr_ref="IPR006844"/>
	    <rel_ref ipr_ref="IPR006993"/>
	    <rel_ref ipr_ref="IPR007332"/>
	    <rel_ref ipr_ref="IPR008554"/>
	    <rel_ref ipr_ref="IPR010357"/>
	    <rel_ref ipr_ref="IPR010893"/>
	    <rel_ref ipr_ref="IPR011900"/>
	    <rel_ref ipr_ref="IPR011902"/>
	    <rel_ref ipr_ref="IPR011903"/>
	    <rel_ref ipr_ref="IPR011905"/>
	    <rel_ref ipr_ref="IPR011909"/>
	    <rel_ref ipr_ref="IPR011911"/>
	    <rel_ref ipr_ref="IPR011915"/>
	    <rel_ref ipr_ref="IPR012081"/>
	    <rel_ref ipr_ref="IPR013376"/>
	    <rel_ref ipr_ref="IPR013478"/>
	    <rel_ref ipr_ref="IPR014025"/>
	    <rel_ref ipr_ref="IPR014434"/>
	    <rel_ref ipr_ref="IPR015450"/>
	    <rel_ref ipr_ref="IPR016855"/>
	    <rel_ref ipr_ref="IPR017068"/>
	    <rel_ref ipr_ref="IPR017276"/>
	    <rel_ref ipr_ref="IPR017559"/>
	    <rel_ref ipr_ref="IPR017561"/>
	    <rel_ref ipr_ref="IPR021170"/>
	 </found_in>
	  <contains>
	    <rel_ref ipr_ref="IPR000866"/>
	    <rel_ref ipr_ref="IPR002109"/>
	    <rel_ref ipr_ref="IPR004879"/>
	    <rel_ref ipr_ref="IPR011767"/>
	    <rel_ref ipr_ref="IPR011899"/>
	    <rel_ref ipr_ref="IPR011906"/>
	    <rel_ref ipr_ref="IPR017937"/>
	    <rel_ref ipr_ref="IPR018219"/>
	    <rel_ref ipr_ref="IPR018233"/>
	    <rel_ref ipr_ref="IPR019479"/>
	  </contains>
	  <match id="G3DSA:3.40.30.10" name="no description" dbname="GENE3D">
	    <location start="123" end="280" score="4.5e-73" status="T" evidence="Gene3D"/>
	  </match>
	</interpro>
	<interpro id="IPR012336" name="Thioredoxin-like fold" type="Domain">
	  <child_list>
	    <rel_ref ipr_ref="IPR011649"/>
	    <rel_ref ipr_ref="IPR012335"/>
	    <rel_ref ipr_ref="IPR012941"/>
	  </child_list>
	  <found_in>
	    <rel_ref ipr_ref="IPR003083"/>
	    <rel_ref ipr_ref="IPR009737"/>
	    <rel_ref ipr_ref="IPR010296"/>
	    <rel_ref ipr_ref="IPR010350"/>
	    <rel_ref ipr_ref="IPR012863"/>
	    <rel_ref ipr_ref="IPR012883"/>
	    <rel_ref ipr_ref="IPR014109"/>
	    <rel_ref ipr_ref="IPR014111"/>
	    <rel_ref ipr_ref="IPR014440"/>
	    <rel_ref ipr_ref="IPR016639"/>
	    <rel_ref ipr_ref="IPR017167"/>
	    <rel_ref ipr_ref="IPR017346"/>
	    <rel_ref ipr_ref="IPR021170"/>
	 </found_in>
	  <contains>
	    <rel_ref ipr_ref="IPR002109"/>
	    <rel_ref ipr_ref="IPR004879"/>
	    <rel_ref ipr_ref="IPR008261"/>
	    <rel_ref ipr_ref="IPR011767"/>
	    <rel_ref ipr_ref="IPR017937"/>
	    <rel_ref ipr_ref="IPR018219"/>
	    <rel_ref ipr_ref="IPR018233"/>
	    <rel_ref ipr_ref="IPR019479"/>
	  </contains>
	  <match id="SSF52833" name="Thioredoxin-like" dbname="SUPERFAMILY">
	    <location start="123" end="282" score="3.1e-62" status="T" evidence="superfamily"/>
	  </match>
	</interpro>
   </protein>

</interpro_matches>
</EBIInterProScanResults>
