<?xml version="1.0" encoding="ISO-8859-1"?>
<EBIInterProScanResults   >
	<Header>
		<program name="InterProScan" version="4.8" citation="PMID:11590104"/>
		<parameters>
			<sequences total="0"/>
			<databases total="16">
				<database number="1" name="PRODOM" type="sequences"/>
				<database number="2" name="COIL" type="matrix"/>
				<database number="3" name="PRINTS" type="matrix"/>
				<database number="4" name="GENE3D" type="model"/>
				<database number="5" name="HAMAP" type="strings"/>
				<database number="6" name="PANTHER" type="model"/>
				<database number="7" name="PFAM" type="model"/>
				<database number="8" name="PIR" type="model"/>
				<database number="9" name="SMART" type="model"/>
				<database number="10" name="TIGRFAMs" type="model"/>
				<database number="11" name="PROSITE" type="strings"/>
				<database number="12" name="PROFILE" type="strings"/>
				<database number="13" name="SEG" type="NA"/>
				<database number="14" name="SIGNALP" type="model"/>
				<database number="15" name="SUPERFAMILY" type="model"/>
				<database number="16" name="TMHMM" type="model"/>
			</databases>
		</parameters>
	</Header>
<interpro_matches>

   <protein id="Sequence_1" length="88" crc64="092708576C8E0405">
	<interpro id="IPR001395" name="Aldo/keto reductase" type="Family">
	  <child_list>
	    <rel_ref ipr_ref="IPR005399"/>
	    <rel_ref ipr_ref="IPR020471"/>
	  </child_list>
	  <contains>
	    <rel_ref ipr_ref="IPR018170"/>
	  </contains>
	  <classification id="GO:0016491" class_type="GO">
	    <category>Molecular Function</category>
	    <description>oxidoreductase activity</description>
	  </classification>
	  <classification id="GO:0055114" class_type="GO">
	    <category>Biological Process</category>
	    <description>oxidation-reduction process</description>
	  </classification>
	  <match id="PTHR11732" name="FAMILY NOT NAMED" dbname="PANTHER">
	    <location start="3" end="87" score="1.6e-21" status="T" evidence="HMMPanther"/>
	  </match>
	</interpro>
	<interpro id="IPR023210" name="NADP-dependent oxidoreductase domain" type="Domain">
	  <match id="G3DSA:3.20.20.100" name="no description" dbname="GENE3D">
	    <location start="2" end="86" score="6.5e-17" status="T" evidence="Gene3D"/>
	  </match>
	  <match id="PF00248" name="Aldo_ket_red" dbname="PFAM">
	    <location start="10" end="80" score="2.8e-13" status="T" evidence="HMMPfam"/>
	  </match>
	  <match id="SSF51430" name="NAD(P)-linked oxidoreductase" dbname="SUPERFAMILY">
	    <location start="1" end="88" score="3.9e-15" status="T" evidence="superfamily"/>
	  </match>
	</interpro>
	<interpro id="noIPR" name="unintegrated" type="unintegrated">
	  <match id="PTHR11732:SF115" name="SUBFAMILY NOT NAMED" dbname="PANTHER">
	    <location start="3" end="87" score="1.6e-21" status="T" evidence="HMMPanther"/>
	  </match>
	</interpro>
   </protein>

</interpro_matches>
</EBIInterProScanResults>
