<?xml version="1.0" encoding="ISO-8859-1"?>
<EBIInterProScanResults   >
	<Header>
		<program name="InterProScan" version="4.8" citation="PMID:11590104"/>
		<parameters>
			<sequences total="0"/>
			<databases total="16">
				<database number="1" name="PRODOM" type="sequences"/>
				<database number="2" name="COIL" type="matrix"/>
				<database number="3" name="PRINTS" type="matrix"/>
				<database number="4" name="GENE3D" type="model"/>
				<database number="5" name="HAMAP" type="strings"/>
				<database number="6" name="PANTHER" type="model"/>
				<database number="7" name="PFAM" type="model"/>
				<database number="8" name="PIR" type="model"/>
				<database number="9" name="SMART" type="model"/>
				<database number="10" name="TIGRFAMs" type="model"/>
				<database number="11" name="PROSITE" type="strings"/>
				<database number="12" name="PROFILE" type="strings"/>
				<database number="13" name="SEG" type="NA"/>
				<database number="14" name="SIGNALP" type="model"/>
				<database number="15" name="SUPERFAMILY" type="model"/>
				<database number="16" name="TMHMM" type="model"/>
			</databases>
		</parameters>
	</Header>
<interpro_matches>

   <protein id="Sequence_1" length="69" crc64="6C0E685D4C32EC3E">
	<interpro id="IPR002675" name="Ribosomal protein L38e" type="Family">
	  <classification id="GO:0003735" class_type="GO">
	    <category>Molecular Function</category>
	    <description>structural constituent of ribosome</description>
	  </classification>
	  <classification id="GO:0005622" class_type="GO">
	    <category>Cellular Component</category>
	    <description>intracellular</description>
	  </classification>
	  <classification id="GO:0005840" class_type="GO">
	    <category>Cellular Component</category>
	    <description>ribosome</description>
	  </classification>
	  <classification id="GO:0006412" class_type="GO">
	    <category>Biological Process</category>
	    <description>translation</description>
	  </classification>
	  <match id="PD010361" name="RL38_ARATH_O22860;" dbname="PRODOM">
	    <location start="1" end="69" score="3e-32" status="T" evidence="BlastProDom"/>
	  </match>
	  <match id="PTHR10965" name="60S RIBOSOMAL PROTEIN L38" dbname="PANTHER">
	    <location start="1" end="69" score="2.8e-53" status="T" evidence="HMMPanther"/>
	  </match>
	  <match id="PF01781" name="Ribosomal_L38e" dbname="PFAM">
	    <location start="2" end="68" score="9.2e-33" status="T" evidence="HMMPfam"/>
	  </match>
	</interpro>
   </protein>

</interpro_matches>
</EBIInterProScanResults>
