<?xml version="1.0" encoding="ISO-8859-1"?>
<EBIInterProScanResults   >
	<Header>
		<program name="InterProScan" version="4.8" citation="PMID:11590104"/>
		<parameters>
			<sequences total="0"/>
			<databases total="16">
				<database number="1" name="PRODOM" type="sequences"/>
				<database number="2" name="COIL" type="matrix"/>
				<database number="3" name="PRINTS" type="matrix"/>
				<database number="4" name="GENE3D" type="model"/>
				<database number="5" name="HAMAP" type="strings"/>
				<database number="6" name="PANTHER" type="model"/>
				<database number="7" name="PFAM" type="model"/>
				<database number="8" name="PIR" type="model"/>
				<database number="9" name="SMART" type="model"/>
				<database number="10" name="TIGRFAMs" type="model"/>
				<database number="11" name="PROSITE" type="strings"/>
				<database number="12" name="PROFILE" type="strings"/>
				<database number="13" name="SEG" type="NA"/>
				<database number="14" name="SIGNALP" type="model"/>
				<database number="15" name="SUPERFAMILY" type="model"/>
				<database number="16" name="TMHMM" type="model"/>
			</databases>
		</parameters>
	</Header>
<interpro_matches>

   <protein id="Sequence_1" length="69" crc64="5E51AB6E287B4796">
	<interpro id="IPR001901" name="Protein translocase complex, SecE/Sec61-gamma subunit" type="Family">
	  <child_list>
	    <rel_ref ipr_ref="IPR005807"/>
	    <rel_ref ipr_ref="IPR008158"/>
	  </child_list>
	  <classification id="GO:0006605" class_type="GO">
	    <category>Biological Process</category>
	    <description>protein targeting</description>
	  </classification>
	  <classification id="GO:0006886" class_type="GO">
	    <category>Biological Process</category>
	    <description>intracellular protein transport</description>
	  </classification>
	  <classification id="GO:0016020" class_type="GO">
	    <category>Cellular Component</category>
	    <description>membrane</description>
	  </classification>
	  <match id="PF00584" name="SecE" dbname="PFAM">
	    <location start="11" end="66" score="3.5e-14" status="T" evidence="HMMPfam"/>
	  </match>
	  <match id="PS01067" name="SECE_SEC61G" dbname="PROSITE">
	    <location start="14" end="42" score="NA" status="T" evidence="PatternScan"/>
	  </match>
	</interpro>
	<interpro id="IPR008158" name="Protein translocase SEC61 complex,  gamma subunit" type="Family" parent_id="IPR001901">
	  <child_list>
	    <rel_ref ipr_ref="IPR022943"/>
	  </child_list>
	  <classification id="GO:0015031" class_type="GO">
	    <category>Biological Process</category>
	    <description>protein transport</description>
	  </classification>
	  <classification id="GO:0015450" class_type="GO">
	    <category>Molecular Function</category>
	    <description>P-P-bond-hydrolysis-driven protein transmembrane transporter activity</description>
	  </classification>
	  <classification id="GO:0016020" class_type="GO">
	    <category>Cellular Component</category>
	    <description>membrane</description>
	  </classification>
	  <match id="TIGR00327" name="secE_euk_arch: protein translocase SEC61 complex g" dbname="TIGRFAMs">
	    <location start="8" end="66" score="8.2e-17" status="T" evidence="HMMTigr"/>
	  </match>
	</interpro>
	<interpro id="IPR023391" name="Protein translocase SecE domain" type="Domain">
	  <match id="G3DSA:1.20.5.820" name="no description" dbname="GENE3D">
	    <location start="4" end="65" score="5.5e-11" status="T" evidence="Gene3D"/>
	  </match>
	  <match id="SSF103456" name="Preprotein translocase SecE subunit" dbname="SUPERFAMILY">
	    <location start="2" end="66" score="4.7e-13" status="T" evidence="superfamily"/>
	  </match>
	</interpro>
	<interpro id="noIPR" name="unintegrated" type="unintegrated">
	  <match id="PTHR12309" name="FAMILY NOT NAMED" dbname="PANTHER">
	    <location start="1" end="69" score="3.6e-51" status="T" evidence="HMMPanther"/>
	  </match>
	  <match id="seg" name="seg" dbname="SEG">
	    <location start="43" end="54" score="NA" status="?" evidence="Seg"/>
	  </match>
	  <match id="tmhmm" name="transmembrane_regions" dbname="TMHMM">
	    <location start="41" end="61" score="NA" status="?" evidence="TMHMM"/>
	  </match>
	</interpro>
   </protein>

</interpro_matches>
</EBIInterProScanResults>
