<?xml version="1.0" encoding="ISO-8859-1"?>
<EBIInterProScanResults   >
	<Header>
		<program name="InterProScan" version="4.8" citation="PMID:11590104"/>
		<parameters>
			<sequences total="0"/>
			<databases total="16">
				<database number="1" name="PRODOM" type="sequences"/>
				<database number="2" name="COIL" type="matrix"/>
				<database number="3" name="PRINTS" type="matrix"/>
				<database number="4" name="GENE3D" type="model"/>
				<database number="5" name="HAMAP" type="strings"/>
				<database number="6" name="PANTHER" type="model"/>
				<database number="7" name="PFAM" type="model"/>
				<database number="8" name="PIR" type="model"/>
				<database number="9" name="SMART" type="model"/>
				<database number="10" name="TIGRFAMs" type="model"/>
				<database number="11" name="PROSITE" type="strings"/>
				<database number="12" name="PROFILE" type="strings"/>
				<database number="13" name="SEG" type="NA"/>
				<database number="14" name="SIGNALP" type="model"/>
				<database number="15" name="SUPERFAMILY" type="model"/>
				<database number="16" name="TMHMM" type="model"/>
			</databases>
		</parameters>
	</Header>
<interpro_matches>

   <protein id="Sequence_1" length="77" crc64="E9486F81A39D8956">
	<interpro id="IPR003614" name="Knottin" type="Domain">
	  <child_list>
	    <rel_ref ipr_ref="IPR001542"/>
	  </child_list>
	  <found_in>
	    <rel_ref ipr_ref="IPR008176"/>
	    <rel_ref ipr_ref="IPR008177"/>
	    <rel_ref ipr_ref="IPR017982"/>
	 </found_in>
	  <classification id="GO:0006952" class_type="GO">
	    <category>Biological Process</category>
	    <description>defense response</description>
	  </classification>
	  <match id="SM00505" name="no description" dbname="SMART">
	    <location start="32" end="77" score="8.9e-12" status="T" evidence="HMMSmart"/>
	  </match>
	</interpro>
	<interpro id="IPR008176" name="Gamma thionin" type="Family">
	  <child_list>
	    <rel_ref ipr_ref="IPR008177"/>
	  </child_list>
	  <contains>
	    <rel_ref ipr_ref="IPR003614"/>
	  </contains>
	  <classification id="GO:0006952" class_type="GO">
	    <category>Biological Process</category>
	    <description>defense response</description>
	  </classification>
	  <match id="PF00304" name="Gamma-thionin" dbname="PFAM">
	    <location start="31" end="77" score="5.6e-17" status="T" evidence="HMMPfam"/>
	  </match>
	  <match id="PS00940" name="GAMMA_THIONIN" dbname="PROSITE">
	    <location start="31" end="54" score="NA" status="T" evidence="PatternScan"/>
	  </match>
	</interpro>
	<interpro id="IPR008177" name="Gamma Purothionin" type="Family" parent_id="IPR008176">
	  <contains>
	    <rel_ref ipr_ref="IPR003614"/>
	  </contains>
	  <classification id="GO:0006952" class_type="GO">
	    <category>Biological Process</category>
	    <description>defense response</description>
	  </classification>
	  <match id="PR00288" name="PUROTHIONIN" dbname="PRINTS">
	    <location start="32" end="47" score="8.1e-09" status="T" evidence="FPrintScan"/>
	    <location start="62" end="76" score="8.1e-09" status="T" evidence="FPrintScan"/>
	  </match>
	</interpro>
	<interpro id="noIPR" name="unintegrated" type="unintegrated">
	  <match id="G3DSA:3.30.30.10" name="no description" dbname="GENE3D">
	    <location start="31" end="77" score="7e-18" status="T" evidence="Gene3D"/>
	  </match>
	  <match id="seg" name="seg" dbname="SEG">
	    <location start="6" end="15" score="NA" status="?" evidence="Seg"/>
	  </match>
	  <match id="SignalP-NN(euk)" name="signal-peptide" dbname="SIGNALP">
	    <location start="1" end="25" score="NA" status="?" evidence="SignalPHMM"/>
	  </match>
	  <match id="SSF57095" name="Scorpion toxin-like" dbname="SUPERFAMILY">
	    <location start="31" end="77" score="6.8e-14" status="T" evidence="superfamily"/>
	  </match>
	</interpro>
   </protein>

</interpro_matches>
</EBIInterProScanResults>
