<?xml version="1.0" encoding="ISO-8859-1"?>
<EBIInterProScanResults   >
	<Header>
		<program name="InterProScan" version="4.8" citation="PMID:11590104"/>
		<parameters>
			<sequences total="0"/>
			<databases total="16">
				<database number="1" name="PRODOM" type="sequences"/>
				<database number="2" name="COIL" type="matrix"/>
				<database number="3" name="PRINTS" type="matrix"/>
				<database number="4" name="GENE3D" type="model"/>
				<database number="5" name="HAMAP" type="strings"/>
				<database number="6" name="PANTHER" type="model"/>
				<database number="7" name="PFAM" type="model"/>
				<database number="8" name="PIR" type="model"/>
				<database number="9" name="SMART" type="model"/>
				<database number="10" name="TIGRFAMs" type="model"/>
				<database number="11" name="PROSITE" type="strings"/>
				<database number="12" name="PROFILE" type="strings"/>
				<database number="13" name="SEG" type="NA"/>
				<database number="14" name="SIGNALP" type="model"/>
				<database number="15" name="SUPERFAMILY" type="model"/>
				<database number="16" name="TMHMM" type="model"/>
			</databases>
		</parameters>
	</Header>
<interpro_matches>

   <protein id="Sequence_1" length="99" crc64="082C81FA607172BD">
	<interpro id="IPR001705" name="Ribosomal protein L33" type="Family">
	  <contains>
	    <rel_ref ipr_ref="IPR018264"/>
	  </contains>
	  <classification id="GO:0003735" class_type="GO">
	    <category>Molecular Function</category>
	    <description>structural constituent of ribosome</description>
	  </classification>
	  <classification id="GO:0005622" class_type="GO">
	    <category>Cellular Component</category>
	    <description>intracellular</description>
	  </classification>
	  <classification id="GO:0005840" class_type="GO">
	    <category>Cellular Component</category>
	    <description>ribosome</description>
	  </classification>
	  <classification id="GO:0006412" class_type="GO">
	    <category>Biological Process</category>
	    <description>translation</description>
	  </classification>
	  <match id="PF00471" name="Ribosomal_L33" dbname="PFAM">
	    <location start="54" end="97" score="5.1e-12" status="T" evidence="HMMPfam"/>
	  </match>
	  <match id="TIGR01023" name="rpmG_bact: ribosomal protein L33" dbname="TIGRFAMs">
	    <location start="46" end="99" score="4.2e-17" status="T" evidence="HMMTigr"/>
	  </match>
	</interpro>
	<interpro id="IPR011332" name="Ribosomal protein, zinc-binding domain" type="Domain">
	  <child_list>
	    <rel_ref ipr_ref="IPR011331"/>
	    <rel_ref ipr_ref="IPR023407"/>
	  </child_list>
	  <contains>
	    <rel_ref ipr_ref="IPR018267"/>
	  </contains>
	  <classification id="GO:0003735" class_type="GO">
	    <category>Molecular Function</category>
	    <description>structural constituent of ribosome</description>
	  </classification>
	  <classification id="GO:0005622" class_type="GO">
	    <category>Cellular Component</category>
	    <description>intracellular</description>
	  </classification>
	  <classification id="GO:0005840" class_type="GO">
	    <category>Cellular Component</category>
	    <description>ribosome</description>
	  </classification>
	  <classification id="GO:0006412" class_type="GO">
	    <category>Biological Process</category>
	    <description>translation</description>
	  </classification>
	  <match id="SSF57829" name="Zn-binding ribosomal proteins" dbname="SUPERFAMILY">
	    <location start="47" end="97" score="1.2e-12" status="T" evidence="superfamily"/>
	  </match>
	</interpro>
	<interpro id="noIPR" name="unintegrated" type="unintegrated">
	  <match id="PTHR15238" name="FAMILY NOT NAMED" dbname="PANTHER">
	    <location start="29" end="99" score="3.3e-29" status="T" evidence="HMMPanther"/>
	  </match>
	  <match id="SignalP-NN(euk)" name="signal-peptide" dbname="SIGNALP">
	    <location start="1" end="27" score="NA" status="?" evidence="SignalPHMM"/>
	  </match>
	  <match id="tmhmm" name="transmembrane_regions" dbname="TMHMM">
	    <location start="5" end="25" score="NA" status="?" evidence="TMHMM"/>
	  </match>
	</interpro>
   </protein>

</interpro_matches>
</EBIInterProScanResults>
