<?xml version="1.0" encoding="ISO-8859-1"?>
<EBIInterProScanResults   >
	<Header>
		<program name="InterProScan" version="4.8" citation="PMID:11590104"/>
		<parameters>
			<sequences total="0"/>
			<databases total="16">
				<database number="1" name="PRODOM" type="sequences"/>
				<database number="2" name="COIL" type="matrix"/>
				<database number="3" name="PRINTS" type="matrix"/>
				<database number="4" name="GENE3D" type="model"/>
				<database number="5" name="HAMAP" type="strings"/>
				<database number="6" name="PANTHER" type="model"/>
				<database number="7" name="PFAM" type="model"/>
				<database number="8" name="PIR" type="model"/>
				<database number="9" name="SMART" type="model"/>
				<database number="10" name="TIGRFAMs" type="model"/>
				<database number="11" name="PROSITE" type="strings"/>
				<database number="12" name="PROFILE" type="strings"/>
				<database number="13" name="SEG" type="NA"/>
				<database number="14" name="SIGNALP" type="model"/>
				<database number="15" name="SUPERFAMILY" type="model"/>
				<database number="16" name="TMHMM" type="model"/>
			</databases>
		</parameters>
	</Header>
<interpro_matches>

   <protein id="Sequence_1" length="65" crc64="282AC3B38202F337">
	<interpro id="IPR000289" name="Ribosomal protein S28e" type="Family">
	  <child_list>
	    <rel_ref ipr_ref="IPR022836"/>
	  </child_list>
	  <contains>
	    <rel_ref ipr_ref="IPR012340"/>
	  </contains>
	  <classification id="GO:0003735" class_type="GO">
	    <category>Molecular Function</category>
	    <description>structural constituent of ribosome</description>
	  </classification>
	  <classification id="GO:0005622" class_type="GO">
	    <category>Cellular Component</category>
	    <description>intracellular</description>
	  </classification>
	  <classification id="GO:0005840" class_type="GO">
	    <category>Cellular Component</category>
	    <description>ribosome</description>
	  </classification>
	  <classification id="GO:0006412" class_type="GO">
	    <category>Biological Process</category>
	    <description>translation</description>
	  </classification>
	  <match id="PD005541" name="Q8LK53_HELAN_Q8LK53;" dbname="PRODOM">
	    <location start="1" end="46" score="7e-19" status="T" evidence="BlastProDom"/>
	  </match>
	  <match id="PTHR10769" name="40S RIBOSOMAL PROTEIN S28" dbname="PANTHER">
	    <location start="1" end="65" score="1.5e-57" status="T" evidence="HMMPanther"/>
	  </match>
	  <match id="PF01200" name="Ribosomal_S28e" dbname="PFAM">
	    <location start="3" end="65" score="1.5e-33" status="T" evidence="HMMPfam"/>
	  </match>
	  <match id="PS00961" name="RIBOSOMAL_S28E" dbname="PROSITE">
	    <location start="56" end="64" score="NA" status="T" evidence="PatternScan"/>
	  </match>
	</interpro>
	<interpro id="IPR012340" name="Nucleic acid-binding, OB-fold" type="Domain" parent_id="IPR016027">
	  <child_list>
	    <rel_ref ipr_ref="IPR001059"/>
	    <rel_ref ipr_ref="IPR002547"/>
	    <rel_ref ipr_ref="IPR004150"/>
	    <rel_ref ipr_ref="IPR011564"/>
	    <rel_ref ipr_ref="IPR012309"/>
	    <rel_ref ipr_ref="IPR013849"/>
	    <rel_ref ipr_ref="IPR020189"/>
	    <rel_ref ipr_ref="IPR022666"/>
	    <rel_ref ipr_ref="IPR022967"/>
	  </child_list>
	  <found_in>
	    <rel_ref ipr_ref="IPR000110"/>
	    <rel_ref ipr_ref="IPR000289"/>
	    <rel_ref ipr_ref="IPR000424"/>
	    <rel_ref ipr_ref="IPR001208"/>
	    <rel_ref ipr_ref="IPR001253"/>
	    <rel_ref ipr_ref="IPR001884"/>
	    <rel_ref ipr_ref="IPR002171"/>
	    <rel_ref ipr_ref="IPR002312"/>
	    <rel_ref ipr_ref="IPR002313"/>
	    <rel_ref ipr_ref="IPR003512"/>
	    <rel_ref ipr_ref="IPR004329"/>
	    <rel_ref ipr_ref="IPR004522"/>
	    <rel_ref ipr_ref="IPR004523"/>
	    <rel_ref ipr_ref="IPR004524"/>
	    <rel_ref ipr_ref="IPR004591"/>
	    <rel_ref ipr_ref="IPR005570"/>
	    <rel_ref ipr_ref="IPR005679"/>
	    <rel_ref ipr_ref="IPR005680"/>
	    <rel_ref ipr_ref="IPR005880"/>
	    <rel_ref ipr_ref="IPR006032"/>
	    <rel_ref ipr_ref="IPR008045"/>
	    <rel_ref ipr_ref="IPR008046"/>
	    <rel_ref ipr_ref="IPR008047"/>
	    <rel_ref ipr_ref="IPR008048"/>
	    <rel_ref ipr_ref="IPR008049"/>
	    <rel_ref ipr_ref="IPR008050"/>
	    <rel_ref ipr_ref="IPR011344"/>
	    <rel_ref ipr_ref="IPR011768"/>
	    <rel_ref ipr_ref="IPR011897"/>
	    <rel_ref ipr_ref="IPR012156"/>
	    <rel_ref ipr_ref="IPR012162"/>
	    <rel_ref ipr_ref="IPR012751"/>
	    <rel_ref ipr_ref="IPR013846"/>
	    <rel_ref ipr_ref="IPR013970"/>
	    <rel_ref ipr_ref="IPR014646"/>
	    <rel_ref ipr_ref="IPR014647"/>
	    <rel_ref ipr_ref="IPR016306"/>
	    <rel_ref ipr_ref="IPR016411"/>
	    <rel_ref ipr_ref="IPR017075"/>
	    <rel_ref ipr_ref="IPR018032"/>
	    <rel_ref ipr_ref="IPR020599"/>
	    <rel_ref ipr_ref="IPR020780"/>
	    <rel_ref ipr_ref="IPR020923"/>
	 </found_in>
	  <contains>
	    <rel_ref ipr_ref="IPR003871"/>
	    <rel_ref ipr_ref="IPR004365"/>
	    <rel_ref ipr_ref="IPR007199"/>
	    <rel_ref ipr_ref="IPR011129"/>
	    <rel_ref ipr_ref="IPR013852"/>
	    <rel_ref ipr_ref="IPR013955"/>
	    <rel_ref ipr_ref="IPR015365"/>
	    <rel_ref ipr_ref="IPR018104"/>
	    <rel_ref ipr_ref="IPR018239"/>
	    <rel_ref ipr_ref="IPR019844"/>
	    <rel_ref ipr_ref="IPR019979"/>
	  </contains>
	  <match id="G3DSA:2.40.50.140" name="no description" dbname="GENE3D">
	    <location start="1" end="65" score="2.7e-34" status="T" evidence="Gene3D"/>
	  </match>
	</interpro>
	<interpro id="IPR016027" name="Nucleic acid-binding, OB-fold-like" type="Domain">
	  <child_list>
	    <rel_ref ipr_ref="IPR012339"/>
	    <rel_ref ipr_ref="IPR012340"/>
	    <rel_ref ipr_ref="IPR023113"/>
	  </child_list>
	  <found_in>
	    <rel_ref ipr_ref="IPR000110"/>
	    <rel_ref ipr_ref="IPR001566"/>
	    <rel_ref ipr_ref="IPR001884"/>
	    <rel_ref ipr_ref="IPR002312"/>
	    <rel_ref ipr_ref="IPR002313"/>
	    <rel_ref ipr_ref="IPR003750"/>
	    <rel_ref ipr_ref="IPR004523"/>
	    <rel_ref ipr_ref="IPR004524"/>
	    <rel_ref ipr_ref="IPR004609"/>
	    <rel_ref ipr_ref="IPR004665"/>
	    <rel_ref ipr_ref="IPR004881"/>
	    <rel_ref ipr_ref="IPR006308"/>
	    <rel_ref ipr_ref="IPR010874"/>
	    <rel_ref ipr_ref="IPR011370"/>
	    <rel_ref ipr_ref="IPR011768"/>
	    <rel_ref ipr_ref="IPR011897"/>
	    <rel_ref ipr_ref="IPR012162"/>
	    <rel_ref ipr_ref="IPR014464"/>
	    <rel_ref ipr_ref="IPR015525"/>
	    <rel_ref ipr_ref="IPR016798"/>
	    <rel_ref ipr_ref="IPR017074"/>
	    <rel_ref ipr_ref="IPR017084"/>
	    <rel_ref ipr_ref="IPR018032"/>
	    <rel_ref ipr_ref="IPR020599"/>
	    <rel_ref ipr_ref="IPR020780"/>
	    <rel_ref ipr_ref="IPR020873"/>
	    <rel_ref ipr_ref="IPR020923"/>
	 </found_in>
	  <contains>
	    <rel_ref ipr_ref="IPR002792"/>
	    <rel_ref ipr_ref="IPR003029"/>
	    <rel_ref ipr_ref="IPR003871"/>
	    <rel_ref ipr_ref="IPR013852"/>
	    <rel_ref ipr_ref="IPR015187"/>
	    <rel_ref ipr_ref="IPR015188"/>
	    <rel_ref ipr_ref="IPR018104"/>
	    <rel_ref ipr_ref="IPR018239"/>
	    <rel_ref ipr_ref="IPR019844"/>
	    <rel_ref ipr_ref="IPR019979"/>
	  </contains>
	  <match id="SSF50249" name="Nucleic acid-binding proteins" dbname="SUPERFAMILY">
	    <location start="2" end="65" score="2.9e-26" status="T" evidence="superfamily"/>
	  </match>
	</interpro>
	<interpro id="noIPR" name="unintegrated" type="unintegrated">
	  <match id="seg" name="seg" dbname="SEG">
	    <location start="52" end="65" score="NA" status="?" evidence="Seg"/>
	  </match>
	</interpro>
   </protein>

</interpro_matches>
</EBIInterProScanResults>
